               epoch,      train/box_loss,      train/obj_loss,      train/cls_loss,   metrics/precision,      metrics/recall,     metrics/mAP_0.5,metrics/mAP_0.5:0.95,        val/box_loss,        val/obj_loss,        val/cls_loss,               x/lr0,               x/lr1,               x/lr2
                   0,             0.10793,            0.041036,            0.023761,             0.56396,            0.094237,            0.034767,           0.0075376,            0.090281,            0.034003,             0.01638,            0.070698,           0.0032558,           0.0032558
                   1,            0.080255,            0.039116,            0.015131,             0.69359,              0.2539,             0.18854,            0.059139,            0.075092,            0.026828,            0.013299,            0.040665,           0.0065565,           0.0065565
                   2,            0.072965,            0.034776,             0.01345,             0.80609,             0.27414,             0.28395,            0.075686,            0.066635,            0.022864,            0.012394,            0.010599,           0.0098242,           0.0098242
                   3,            0.066884,            0.030704,            0.012552,             0.42448,             0.53164,             0.38664,             0.14097,            0.062881,            0.022356,            0.010079,           0.0098515,           0.0098515,           0.0098515
                   4,            0.060146,            0.029536,            0.010737,             0.65112,             0.48327,             0.59182,              0.2003,             0.05156,            0.020517,           0.0076646,           0.0098515,           0.0098515,           0.0098515
                   5,            0.054444,            0.028974,           0.0080985,             0.39758,             0.74197,              0.5679,             0.26041,            0.049312,            0.020245,           0.0068821,            0.009802,            0.009802,            0.009802
                   6,            0.049329,            0.027123,           0.0063303,              0.6222,             0.71714,             0.71811,             0.38197,            0.045595,            0.019578,           0.0059443,           0.0097525,           0.0097525,           0.0097525
                   7,            0.046519,            0.026189,           0.0052383,             0.71469,             0.72303,             0.75281,             0.38089,            0.045586,            0.019338,           0.0053708,            0.009703,            0.009703,            0.009703
                   8,            0.045008,            0.025503,            0.004473,             0.82468,             0.77052,             0.81709,             0.40574,            0.038456,            0.018911,           0.0034627,           0.0096535,           0.0096535,           0.0096535
                   9,            0.042388,            0.024373,            0.003936,             0.64011,              0.6497,              0.6795,             0.35451,            0.038142,            0.018504,           0.0048681,            0.009604,            0.009604,            0.009604
                  10,             0.04065,            0.023395,           0.0035178,             0.82168,             0.71409,             0.81886,             0.44332,            0.038725,            0.018456,           0.0049887,           0.0095545,           0.0095545,           0.0095545
                  11,            0.041008,            0.024653,           0.0031899,             0.82471,             0.76664,             0.82275,             0.43663,            0.036297,            0.018409,            0.002971,            0.009505,            0.009505,            0.009505
                  12,            0.039184,            0.024335,           0.0031114,             0.87891,             0.78398,             0.86129,             0.50127,            0.032719,             0.01778,           0.0030177,           0.0094555,           0.0094555,           0.0094555
                  13,            0.038392,            0.024637,           0.0030413,             0.92051,             0.73528,             0.85817,             0.49876,            0.032758,            0.017917,           0.0031255,            0.009406,            0.009406,            0.009406
                  14,            0.037103,            0.023418,           0.0027574,             0.81977,             0.79506,             0.84843,              0.4947,            0.035197,            0.017841,            0.003826,           0.0093565,           0.0093565,           0.0093565
                  15,            0.036709,            0.023788,           0.0028565,             0.82832,              0.7908,             0.84658,             0.52359,            0.036309,            0.017594,           0.0030687,            0.009307,            0.009307,            0.009307
                  16,            0.035293,            0.022995,           0.0025566,             0.86865,             0.78179,             0.84336,              0.5073,            0.031206,            0.017878,           0.0033175,           0.0092575,           0.0092575,           0.0092575
                  17,            0.034965,            0.022092,           0.0028217,             0.86797,             0.77775,             0.85993,              0.5123,            0.032232,            0.018149,            0.003039,            0.009208,            0.009208,            0.009208
                  18,            0.035159,            0.023242,           0.0022642,             0.91009,             0.72933,             0.85705,             0.51391,            0.032108,             0.01768,           0.0031155,           0.0091585,           0.0091585,           0.0091585
                  19,            0.034423,            0.022841,           0.0022528,             0.86314,             0.77272,             0.82872,             0.49791,            0.032534,            0.017888,           0.0040018,            0.009109,            0.009109,            0.009109
                  20,            0.033686,            0.022546,           0.0025148,             0.89503,              0.7792,             0.86357,             0.49105,            0.028273,            0.017639,           0.0028339,           0.0090595,           0.0090595,           0.0090595
                  21,            0.032654,            0.021911,           0.0022369,             0.84994,             0.81872,             0.86881,             0.52332,            0.029989,            0.017547,           0.0025091,             0.00901,             0.00901,             0.00901
                  22,            0.034315,            0.021658,           0.0021555,             0.86374,             0.81574,             0.87115,             0.52081,            0.030162,            0.017779,           0.0034419,           0.0089605,           0.0089605,           0.0089605
                  23,            0.032589,            0.021905,           0.0020267,             0.81822,             0.79517,             0.86437,              0.5374,             0.02999,            0.017272,           0.0034546,            0.008911,            0.008911,            0.008911
                  24,            0.031635,            0.021863,            0.002169,             0.84547,             0.80747,             0.85412,             0.53301,            0.030099,            0.017625,           0.0042187,           0.0088615,           0.0088615,           0.0088615
                  25,            0.031298,            0.021983,            0.002072,             0.83351,              0.8376,             0.87582,             0.53225,            0.028967,             0.01773,            0.002573,            0.008812,            0.008812,            0.008812
                  26,            0.030433,            0.021296,           0.0020376,             0.84224,             0.82013,             0.87662,             0.54899,            0.027241,            0.017405,           0.0028788,           0.0087625,           0.0087625,           0.0087625
                  27,            0.031092,            0.020962,           0.0021771,             0.86753,             0.79135,             0.87723,             0.53941,            0.029181,            0.017305,           0.0035927,            0.008713,            0.008713,            0.008713
                  28,            0.030612,            0.021656,           0.0017804,             0.88242,             0.79337,             0.87982,             0.55134,            0.027466,            0.017071,           0.0033725,           0.0086635,           0.0086635,           0.0086635
                  29,            0.029682,            0.019582,            0.001835,              0.9389,             0.73962,             0.85215,             0.53258,            0.026471,            0.017645,           0.0031035,            0.008614,            0.008614,            0.008614
                  30,            0.030223,             0.02032,           0.0019171,             0.88174,             0.81032,             0.88415,             0.54691,            0.026784,            0.017174,           0.0026093,           0.0085645,           0.0085645,           0.0085645
                  31,            0.029813,            0.020675,           0.0016559,             0.88506,             0.80975,             0.87822,               0.556,            0.026657,            0.017557,           0.0023473,            0.008515,            0.008515,            0.008515
                  32,            0.028936,            0.020549,           0.0017433,             0.90837,             0.83195,             0.88755,             0.56252,            0.026671,             0.01732,           0.0023795,           0.0084655,           0.0084655,           0.0084655
                  33,            0.029659,            0.020465,            0.001801,             0.85752,             0.85335,             0.89113,             0.56299,              0.0275,            0.016657,           0.0025793,            0.008416,            0.008416,            0.008416
                  34,            0.028981,            0.020822,           0.0018901,              0.9024,             0.82595,             0.88551,             0.56064,            0.026347,            0.017001,            0.002442,           0.0083665,           0.0083665,           0.0083665
                  35,            0.029262,            0.020431,           0.0016074,             0.90403,             0.82784,             0.88472,             0.55849,            0.027292,            0.017139,           0.0023946,            0.008317,            0.008317,            0.008317
                  36,            0.028115,            0.020434,           0.0013579,             0.88223,             0.83407,             0.89079,             0.55201,             0.02699,            0.016985,           0.0020298,           0.0082675,           0.0082675,           0.0082675
                  37,             0.02915,            0.020171,             0.00161,              0.8674,             0.81149,             0.88085,              0.5557,            0.026966,             0.01675,           0.0029193,            0.008218,            0.008218,            0.008218
                  38,            0.028364,            0.020274,           0.0013553,             0.91237,              0.8023,             0.89718,             0.55512,            0.027615,            0.016987,           0.0022578,           0.0081685,           0.0081685,           0.0081685
                  39,            0.028404,            0.020094,           0.0016141,             0.89512,             0.84723,              0.8839,             0.53899,            0.026553,            0.017105,           0.0029429,            0.008119,            0.008119,            0.008119
                  40,            0.027392,             0.01979,           0.0015514,             0.88364,             0.81702,             0.89699,             0.57204,             0.02505,            0.016653,           0.0022093,           0.0080695,           0.0080695,           0.0080695
                  41,             0.02825,            0.019773,           0.0016087,             0.89443,             0.85104,             0.90965,             0.57049,              0.0262,             0.01676,           0.0025257,             0.00802,             0.00802,             0.00802
                  42,            0.028367,            0.020037,           0.0013672,             0.91702,             0.82625,             0.90893,             0.58074,            0.026823,            0.017241,           0.0021761,           0.0079705,           0.0079705,           0.0079705
                  43,            0.027495,            0.019821,           0.0017656,             0.88565,             0.84302,             0.88595,             0.57904,            0.025212,            0.017137,            0.002808,            0.007921,            0.007921,            0.007921
                  44,            0.027207,            0.020122,           0.0013613,             0.90356,             0.82169,             0.88813,             0.57582,            0.024821,            0.017116,            0.001933,           0.0078715,           0.0078715,           0.0078715
                  45,            0.027515,            0.020807,           0.0014505,             0.89247,             0.84001,             0.88997,              0.5599,            0.025539,            0.016978,           0.0018768,            0.007822,            0.007822,            0.007822
                  46,            0.027441,            0.020416,            0.001295,             0.91854,              0.8304,             0.90581,             0.57492,            0.025961,            0.017101,           0.0018779,           0.0077725,           0.0077725,           0.0077725
                  47,            0.026928,            0.018599,           0.0013764,             0.88534,             0.84129,             0.88476,             0.56218,            0.027285,            0.017357,           0.0017262,            0.007723,            0.007723,            0.007723
                  48,            0.026126,             0.01837,           0.0014745,             0.88442,             0.85722,             0.89272,             0.57878,             0.02546,            0.017149,           0.0022014,           0.0076735,           0.0076735,           0.0076735
                  49,            0.026515,            0.019358,           0.0014478,             0.87645,             0.85707,             0.89207,              0.5708,            0.025061,            0.017396,           0.0023658,            0.007624,            0.007624,            0.007624
                  50,            0.026226,            0.019381,           0.0014034,             0.89334,              0.8212,             0.88718,             0.56712,            0.025551,            0.017313,           0.0024481,           0.0075745,           0.0075745,           0.0075745
                  51,            0.026359,            0.019399,           0.0012482,              0.8769,             0.80684,             0.87525,             0.54729,             0.02628,            0.017617,           0.0031008,            0.007525,            0.007525,            0.007525
                  52,            0.025664,            0.018496,           0.0013659,             0.89004,             0.81915,             0.88746,             0.57132,            0.025051,            0.017451,           0.0030281,           0.0074755,           0.0074755,           0.0074755
                  53,            0.025399,            0.020146,           0.0013355,             0.88346,             0.80034,             0.87075,             0.55558,             0.02524,            0.017323,           0.0028661,            0.007426,            0.007426,            0.007426
                  54,            0.025543,            0.019899,           0.0012072,             0.86698,             0.83485,             0.88514,             0.57564,            0.025034,            0.017133,           0.0023185,           0.0073765,           0.0073765,           0.0073765
                  55,            0.025335,            0.018702,           0.0012257,             0.84004,             0.84074,             0.87785,             0.56495,            0.024643,            0.017169,           0.0023286,            0.007327,            0.007327,            0.007327
                  56,            0.024977,            0.019079,           0.0012677,              0.9054,             0.80373,             0.87335,             0.57179,            0.025037,            0.017138,           0.0022351,           0.0072775,           0.0072775,           0.0072775
                  57,            0.024852,            0.018647,           0.0012415,              0.8732,             0.82276,             0.88205,             0.56322,            0.024215,            0.017332,           0.0025454,            0.007228,            0.007228,            0.007228
                  58,            0.024306,            0.018642,           0.0012048,             0.88057,             0.82499,             0.88398,              0.5708,            0.024333,            0.017022,           0.0023044,           0.0071785,           0.0071785,           0.0071785
                  59,            0.024907,            0.017778,           0.0014156,             0.88283,             0.81526,             0.88113,             0.55789,            0.024824,            0.017236,           0.0030427,            0.007129,            0.007129,            0.007129
                  60,            0.023701,            0.017796,           0.0011119,             0.87825,             0.81108,             0.88233,              0.5662,            0.024422,             0.01742,           0.0026834,           0.0070795,           0.0070795,           0.0070795
                  61,            0.024234,            0.018132,           0.0012135,             0.89078,             0.79197,             0.87765,             0.55649,            0.025358,             0.01756,           0.0020224,             0.00703,             0.00703,             0.00703
                  62,            0.025318,            0.019471,           0.0012264,             0.84488,             0.85107,             0.88502,             0.57222,            0.024494,            0.017349,           0.0020139,           0.0069805,           0.0069805,           0.0069805
                  63,            0.025002,            0.019382,            0.001226,             0.87166,             0.81373,             0.88356,              0.5815,            0.024353,            0.017497,           0.0029902,            0.006931,            0.006931,            0.006931
                  64,            0.023975,            0.017384,           0.0011584,             0.89061,             0.78913,             0.87079,             0.55812,            0.023919,            0.017453,           0.0034592,           0.0068815,           0.0068815,           0.0068815
                  65,             0.02386,            0.017841,           0.0012538,             0.84155,             0.81399,             0.87178,             0.56537,             0.02421,            0.017531,           0.0039263,            0.006832,            0.006832,            0.006832
                  66,            0.023783,             0.01768,           0.0010506,             0.89627,             0.81936,             0.88109,             0.57612,            0.023743,            0.017611,           0.0035891,           0.0067825,           0.0067825,           0.0067825
                  67,            0.023133,            0.017502,           0.0011279,             0.84799,             0.82692,             0.87839,             0.56344,            0.024938,            0.017965,           0.0021589,            0.006733,            0.006733,            0.006733
                  68,            0.023092,            0.018011,           0.0011218,             0.85941,             0.84928,             0.89505,             0.56794,            0.024704,            0.017897,           0.0023456,           0.0066835,           0.0066835,           0.0066835
                  69,             0.02355,            0.018855,           0.0010225,             0.85977,             0.84957,             0.89778,             0.57803,            0.024231,             0.01747,           0.0023696,            0.006634,            0.006634,            0.006634
                  70,            0.022831,            0.017975,          0.00096453,             0.87852,             0.82132,             0.88689,             0.58732,            0.023591,            0.017437,           0.0023565,           0.0065845,           0.0065845,           0.0065845
                  71,            0.023059,            0.017184,            0.000967,             0.84105,              0.8569,             0.88462,              0.5906,            0.023559,            0.017149,           0.0022297,            0.006535,            0.006535,            0.006535
                  72,            0.022325,            0.016843,           0.0011216,             0.88504,             0.80825,             0.87277,              0.5656,             0.02425,            0.018101,           0.0030895,           0.0064855,           0.0064855,           0.0064855
                  73,            0.022566,            0.018087,           0.0011147,             0.92549,             0.76706,             0.87557,              0.5672,            0.023456,            0.017381,           0.0026495,            0.006436,            0.006436,            0.006436
                  74,            0.023501,            0.018095,           0.0012229,              0.8519,             0.85369,             0.89104,             0.58564,            0.024531,            0.017747,           0.0020192,           0.0063865,           0.0063865,           0.0063865
                  75,            0.022918,            0.017406,           0.0011558,             0.88793,             0.81794,              0.8835,             0.57467,            0.024067,            0.018069,           0.0027087,            0.006337,            0.006337,            0.006337
                  76,            0.021605,            0.017575,          0.00098898,             0.87792,              0.8257,             0.87551,             0.57331,             0.02375,            0.017227,           0.0025307,           0.0062875,           0.0062875,           0.0062875
                  77,            0.021454,            0.017363,          0.00096532,             0.83321,              0.8593,              0.8903,             0.58129,            0.023504,            0.017643,           0.0024055,            0.006238,            0.006238,            0.006238
                  78,              0.0212,            0.016726,          0.00084755,              0.8301,             0.85639,             0.88363,             0.58015,            0.023479,            0.017792,           0.0030351,           0.0061885,           0.0061885,           0.0061885
                  79,            0.022393,            0.017894,          0.00089382,             0.87555,             0.81983,             0.88485,             0.57041,             0.02371,            0.018038,           0.0019478,            0.006139,            0.006139,            0.006139
                  80,            0.021409,            0.016388,          0.00090887,             0.87379,             0.83563,             0.87414,             0.57452,            0.024228,            0.018736,           0.0020837,           0.0060895,           0.0060895,           0.0060895
                  81,            0.022173,            0.016714,          0.00088885,             0.88963,             0.82325,             0.88587,              0.5803,            0.023807,            0.017812,           0.0022161,             0.00604,             0.00604,             0.00604
                  82,            0.022006,             0.01785,           0.0008905,             0.86463,             0.83924,             0.88764,             0.57719,            0.024382,            0.018143,           0.0020423,           0.0059905,           0.0059905,           0.0059905
                  83,            0.022052,            0.017435,           0.0010207,             0.89952,             0.81328,             0.89223,             0.59193,            0.023471,            0.017541,           0.0018932,            0.005941,            0.005941,            0.005941
                  84,            0.022016,            0.017159,          0.00098359,             0.92425,             0.80057,              0.8809,             0.58508,            0.023688,            0.017832,           0.0018552,           0.0058915,           0.0058915,           0.0058915
                  85,            0.021359,            0.017393,             0.00113,              0.8525,             0.84429,             0.88405,             0.57522,            0.023889,            0.017804,           0.0021505,            0.005842,            0.005842,            0.005842
                  86,            0.021293,            0.016965,          0.00087643,             0.89462,             0.82334,             0.88146,             0.56902,            0.024036,            0.018003,           0.0020805,           0.0057925,           0.0057925,           0.0057925
                  87,            0.021019,            0.016642,          0.00088948,             0.90392,             0.81702,             0.87387,             0.57255,            0.023364,            0.017697,           0.0023935,            0.005743,            0.005743,            0.005743
                  88,             0.02094,            0.016224,          0.00089453,             0.88922,             0.82218,             0.88756,             0.58538,             0.02365,            0.017914,           0.0019611,           0.0056935,           0.0056935,           0.0056935
                  89,            0.020601,            0.016861,          0.00088744,             0.86814,             0.83923,             0.88039,             0.58086,            0.023759,            0.018076,           0.0018323,            0.005644,            0.005644,            0.005644
                  90,            0.021011,            0.016602,          0.00080954,             0.89056,             0.81917,             0.88343,               0.581,            0.024235,            0.018095,           0.0021417,           0.0055945,           0.0055945,           0.0055945
                  91,            0.021364,            0.016796,          0.00087219,             0.91136,             0.78843,             0.87852,             0.57566,            0.024234,             0.01814,            0.002563,            0.005545,            0.005545,            0.005545
                  92,            0.019846,            0.016044,            0.000845,              0.8784,             0.80669,             0.87783,             0.58694,              0.0233,            0.017772,            0.002275,           0.0054955,           0.0054955,           0.0054955
                  93,            0.020832,            0.016869,          0.00077959,             0.88984,             0.84531,             0.88701,             0.59154,             0.02325,            0.017661,           0.0020256,            0.005446,            0.005446,            0.005446
                  94,            0.020452,            0.016673,          0.00095231,             0.92986,             0.79955,             0.87357,             0.57501,            0.023626,             0.01811,           0.0052234,           0.0053965,           0.0053965,           0.0053965
                  95,            0.020652,            0.017148,           0.0010756,             0.88662,              0.8103,             0.88302,             0.57144,            0.024154,            0.018346,           0.0051293,            0.005347,            0.005347,            0.005347
                  96,            0.020059,            0.015662,           0.0011806,              0.8805,             0.83378,             0.88662,             0.57949,            0.023105,            0.018428,           0.0025274,           0.0052975,           0.0052975,           0.0052975
                  97,             0.02057,            0.016604,          0.00092142,             0.91196,             0.80823,             0.88205,             0.58278,            0.023187,            0.017937,           0.0022829,            0.005248,            0.005248,            0.005248
                  98,            0.020295,             0.01541,          0.00095532,             0.86232,             0.82777,             0.88804,             0.58779,            0.023529,            0.017878,           0.0026598,           0.0051985,           0.0051985,           0.0051985
                  99,            0.020418,            0.015822,          0.00085605,             0.86624,             0.83514,             0.88986,             0.58122,            0.023461,            0.018048,           0.0024422,            0.005149,            0.005149,            0.005149
                 100,            0.019058,            0.015679,          0.00084957,             0.85503,             0.85533,             0.88604,             0.58205,            0.023055,            0.018074,           0.0026434,           0.0050995,           0.0050995,           0.0050995
                 101,            0.020223,            0.016534,          0.00086215,             0.90353,             0.82325,             0.89137,              0.5827,            0.022901,             0.01822,           0.0024634,             0.00505,             0.00505,             0.00505
                 102,            0.020415,            0.017262,          0.00078151,             0.93398,             0.78961,             0.88392,             0.58756,            0.022969,            0.017871,           0.0026614,           0.0050005,           0.0050005,           0.0050005
                 103,             0.01996,             0.01656,          0.00078487,             0.87992,             0.79976,             0.86733,             0.57993,            0.022797,            0.018076,           0.0028428,            0.004951,            0.004951,            0.004951
                 104,            0.019457,            0.016528,          0.00084924,             0.88709,             0.80374,             0.87362,             0.58589,            0.022693,            0.017559,           0.0030207,           0.0049015,           0.0049015,           0.0049015
                 105,            0.018872,            0.015104,          0.00064436,              0.8921,             0.80942,             0.88168,             0.58592,            0.023233,            0.018248,           0.0028518,            0.004852,            0.004852,            0.004852
                 106,            0.019309,             0.01624,          0.00072441,             0.88968,             0.80444,             0.86816,               0.589,            0.022613,            0.017966,           0.0028444,           0.0048025,           0.0048025,           0.0048025
                 107,             0.01993,            0.016698,          0.00066115,             0.89932,             0.80752,             0.87589,             0.58501,            0.023071,            0.017834,           0.0026446,            0.004753,            0.004753,            0.004753
                 108,            0.018898,            0.016022,          0.00069728,             0.90102,             0.79498,             0.86216,             0.58272,            0.022726,            0.018219,           0.0031288,           0.0047035,           0.0047035,           0.0047035
                 109,            0.018817,            0.016318,          0.00093871,             0.90578,             0.79509,             0.86541,             0.57692,            0.023176,            0.018381,           0.0029905,            0.004654,            0.004654,            0.004654
                 110,            0.018571,            0.015632,           0.0006863,             0.89698,             0.80776,              0.8719,             0.57735,            0.022849,            0.018004,           0.0025284,           0.0046045,           0.0046045,           0.0046045
                 111,            0.018785,            0.015234,          0.00076401,             0.87888,             0.80363,             0.87488,             0.57928,            0.022828,            0.018337,           0.0025033,            0.004555,            0.004555,            0.004555
                 112,            0.018642,            0.016051,          0.00077792,             0.91486,             0.78741,             0.87015,             0.57758,            0.022712,            0.018278,            0.003225,           0.0045055,           0.0045055,           0.0045055
                 113,            0.018118,               0.015,          0.00067913,             0.89112,             0.82432,             0.87924,             0.58216,            0.022493,            0.018405,           0.0026992,            0.004456,            0.004456,            0.004456
                 114,            0.018741,            0.015753,          0.00063677,             0.89812,             0.82413,             0.88588,             0.59411,            0.022588,            0.018777,           0.0022247,           0.0044065,           0.0044065,           0.0044065
                 115,            0.018164,            0.015295,          0.00068681,             0.90991,             0.81058,             0.88046,             0.58236,            0.022816,            0.018618,            0.002305,            0.004357,            0.004357,            0.004357
                 116,            0.017765,            0.014486,          0.00073956,             0.93836,             0.78177,             0.88044,             0.58246,            0.023233,            0.019387,           0.0022388,           0.0043075,           0.0043075,           0.0043075
                 117,            0.017308,            0.014075,          0.00074375,             0.92341,             0.77541,             0.87356,             0.58662,            0.022813,            0.019164,           0.0022976,            0.004258,            0.004258,            0.004258
                 118,            0.017597,            0.015017,           0.0006648,              0.8834,             0.83101,             0.88464,              0.5808,            0.022803,            0.018668,           0.0026402,           0.0042085,           0.0042085,           0.0042085
                 119,            0.017724,            0.015204,          0.00073174,             0.92209,             0.79353,             0.86664,              0.5846,            0.022663,            0.018831,           0.0031281,            0.004159,            0.004159,            0.004159
                 120,            0.018117,            0.014785,          0.00057498,             0.91113,             0.79189,             0.87409,              0.5894,            0.023015,            0.019002,           0.0029025,           0.0041095,           0.0041095,           0.0041095
                 121,            0.017056,            0.014719,          0.00057694,             0.93665,             0.76875,             0.86702,             0.58492,            0.023061,            0.019212,           0.0029159,             0.00406,             0.00406,             0.00406
                 122,            0.017773,            0.014985,          0.00072142,             0.89813,             0.82559,             0.88339,             0.59391,            0.022594,            0.018975,           0.0026568,           0.0040105,           0.0040105,           0.0040105
                 123,            0.017556,            0.015647,          0.00066646,             0.89974,             0.80103,             0.87451,             0.59884,            0.022502,            0.018706,           0.0030175,            0.003961,            0.003961,            0.003961
                 124,            0.017329,            0.015496,          0.00067513,             0.91787,             0.78909,             0.87931,             0.59177,             0.02249,            0.018936,            0.002972,           0.0039115,           0.0039115,           0.0039115
                 125,            0.017391,             0.01463,          0.00059727,             0.91093,              0.8032,              0.8799,             0.59247,            0.022643,            0.019068,           0.0033073,            0.003862,            0.003862,            0.003862
                 126,            0.017494,              0.0154,          0.00075019,             0.90879,             0.80621,             0.88656,             0.59456,            0.022578,            0.018988,           0.0031625,           0.0038125,           0.0038125,           0.0038125
                 127,            0.017445,             0.01478,          0.00068889,             0.92567,             0.80461,              0.8806,              0.5915,            0.022519,            0.018779,            0.002942,            0.003763,            0.003763,            0.003763
                 128,            0.016285,            0.014126,          0.00070715,             0.90763,             0.79628,              0.8822,             0.59239,            0.022627,            0.018981,           0.0029322,           0.0037135,           0.0037135,           0.0037135
                 129,            0.017022,            0.015136,          0.00058064,             0.86624,             0.81935,             0.87119,             0.58477,            0.022895,            0.019203,           0.0031257,            0.003664,            0.003664,            0.003664
                 130,            0.016685,            0.014328,          0.00051441,             0.88252,             0.80673,             0.87139,             0.58522,            0.023274,            0.019472,           0.0033844,           0.0036145,           0.0036145,           0.0036145
                 131,            0.017547,            0.014803,          0.00064137,             0.89203,             0.81978,             0.87283,             0.58915,            0.022584,            0.018634,           0.0028306,            0.003565,            0.003565,            0.003565
                 132,            0.016786,            0.014527,          0.00060702,             0.90918,             0.81263,             0.87845,             0.59635,            0.022777,            0.018671,           0.0029246,           0.0035155,           0.0035155,           0.0035155
                 133,            0.016565,            0.014721,          0.00066254,              0.9101,             0.80591,             0.88375,             0.59586,            0.022781,            0.019242,           0.0027814,            0.003466,            0.003466,            0.003466
                 134,            0.016118,            0.013958,          0.00071407,             0.89385,             0.81522,             0.88043,             0.59738,             0.02257,            0.018967,           0.0021603,           0.0034165,           0.0034165,           0.0034165
                 135,             0.01626,            0.014998,          0.00060473,             0.89055,             0.82708,              0.8817,             0.59471,            0.022492,            0.019016,           0.0020988,            0.003367,            0.003367,            0.003367
                 136,            0.015868,            0.013598,          0.00058637,             0.89851,             0.82304,             0.87884,             0.59024,            0.022323,            0.018993,           0.0021931,           0.0033175,           0.0033175,           0.0033175
                 137,            0.016603,            0.014087,          0.00057534,             0.91435,             0.79199,             0.87536,             0.59305,             0.02256,            0.019116,           0.0025926,            0.003268,            0.003268,            0.003268
                 138,            0.016092,            0.014412,          0.00056846,             0.89336,             0.84992,             0.88629,             0.59938,            0.022708,            0.019097,           0.0021906,           0.0032185,           0.0032185,           0.0032185
                 139,            0.016236,            0.014527,           0.0005612,             0.92223,             0.81341,             0.88524,             0.60157,            0.022337,            0.018992,           0.0024321,            0.003169,            0.003169,            0.003169
                 140,             0.01605,             0.01476,          0.00048894,             0.92131,             0.81341,             0.88728,             0.59245,            0.022669,            0.019133,           0.0028061,           0.0031195,           0.0031195,           0.0031195
                 141,            0.015887,            0.014379,          0.00056126,             0.90481,             0.82699,             0.87465,             0.59731,            0.022451,            0.019094,           0.0026332,             0.00307,             0.00307,             0.00307
                 142,            0.015795,            0.014043,          0.00056754,             0.89721,             0.82969,             0.88181,             0.59845,            0.022549,             0.01935,           0.0027119,           0.0030205,           0.0030205,           0.0030205
                 143,            0.016049,            0.014264,          0.00060083,             0.88054,             0.84157,             0.88716,             0.60341,            0.022209,            0.019087,           0.0027677,            0.002971,            0.002971,            0.002971
                 144,            0.015483,            0.014827,          0.00057097,              0.8908,             0.83285,             0.88564,             0.60003,            0.022491,            0.019422,           0.0026186,           0.0029215,           0.0029215,           0.0029215
                 145,            0.016047,            0.014257,          0.00066965,             0.90163,             0.82296,             0.88112,             0.59557,            0.022344,            0.019281,           0.0024542,            0.002872,            0.002872,            0.002872
                 146,            0.015345,            0.013824,          0.00051947,             0.89744,             0.83382,             0.87788,             0.59843,            0.022356,            0.019342,           0.0030619,           0.0028225,           0.0028225,           0.0028225
                 147,            0.015622,            0.013707,          0.00043913,             0.88741,             0.82563,             0.88351,             0.60355,            0.022294,            0.019239,           0.0025071,            0.002773,            0.002773,            0.002773
                 148,             0.01508,            0.013144,          0.00049385,             0.91002,             0.81526,             0.88348,              0.6005,             0.02232,            0.019299,           0.0027339,           0.0027235,           0.0027235,           0.0027235
                 149,            0.015074,            0.013706,          0.00049506,             0.90724,             0.80776,             0.87979,             0.60423,            0.022275,            0.019366,           0.0031411,            0.002674,            0.002674,            0.002674
                 150,            0.015643,            0.013737,          0.00054787,             0.90565,             0.79949,             0.88147,             0.59723,            0.022394,            0.019407,           0.0027436,           0.0026245,           0.0026245,           0.0026245
                 151,            0.015529,            0.013641,          0.00053522,             0.87483,             0.83825,             0.88562,             0.60368,             0.02216,            0.019289,           0.0026459,            0.002575,            0.002575,            0.002575
                 152,            0.014599,            0.014145,          0.00047501,             0.87589,             0.83747,             0.88934,             0.60021,            0.022674,            0.019695,           0.0027094,           0.0025255,           0.0025255,           0.0025255
                 153,            0.014741,            0.012996,          0.00053635,             0.86825,             0.84342,              0.8836,             0.59101,            0.022572,            0.019684,           0.0029342,            0.002476,            0.002476,            0.002476
                 154,            0.015037,            0.013374,          0.00049679,             0.88718,             0.83712,             0.88909,             0.60079,            0.022381,             0.01932,           0.0025939,           0.0024265,           0.0024265,           0.0024265
                 155,            0.015122,             0.01344,          0.00061905,             0.91604,             0.80385,             0.88422,              0.6016,            0.022331,            0.019406,            0.002454,            0.002377,            0.002377,            0.002377
                 156,            0.015038,            0.014309,          0.00050958,             0.92021,               0.786,             0.88503,             0.60142,            0.022488,            0.019334,           0.0023965,           0.0023275,           0.0023275,           0.0023275
                 157,            0.015028,            0.013899,          0.00041432,             0.91586,             0.79197,             0.88253,             0.59306,            0.022609,            0.019654,           0.0022565,            0.002278,            0.002278,            0.002278
                 158,            0.014437,            0.013239,          0.00041326,             0.91513,             0.78777,             0.88449,             0.59597,            0.022594,            0.019598,           0.0022535,           0.0022285,           0.0022285,           0.0022285
                 159,            0.015083,            0.013996,          0.00050844,             0.87995,              0.8189,             0.88338,             0.59666,            0.022471,            0.019568,           0.0022572,            0.002179,            0.002179,            0.002179
                 160,            0.014475,            0.013583,          0.00048819,             0.87662,             0.81662,             0.88616,             0.60058,            0.022345,            0.019817,           0.0025189,           0.0021295,           0.0021295,           0.0021295
                 161,            0.014396,            0.013202,          0.00049902,             0.90015,             0.81239,             0.87572,             0.60008,            0.022347,            0.019929,            0.002512,             0.00208,             0.00208,             0.00208
                 162,            0.014351,            0.013309,           0.0005612,             0.89759,             0.80513,             0.88282,             0.59932,            0.022379,            0.019803,           0.0025816,           0.0020305,           0.0020305,           0.0020305
                 163,            0.014344,            0.013458,          0.00041095,              0.9101,              0.8028,             0.87618,             0.59539,            0.022323,            0.019679,            0.002376,            0.001981,            0.001981,            0.001981
                 164,            0.014673,            0.013006,           0.0004844,              0.9005,             0.81936,             0.88884,             0.59941,            0.022238,            0.019586,           0.0022836,           0.0019315,           0.0019315,           0.0019315
                 165,            0.014388,             0.01359,          0.00048538,             0.89583,             0.81185,             0.88147,             0.60187,            0.022174,            0.019661,           0.0023995,            0.001882,            0.001882,            0.001882
                 166,            0.014124,            0.013808,          0.00048624,             0.92204,             0.80254,             0.88652,             0.60192,            0.022016,            0.019553,           0.0023285,           0.0018325,           0.0018325,           0.0018325
                 167,            0.014474,            0.013468,          0.00044854,             0.91931,             0.80511,             0.88393,             0.60599,            0.022202,            0.019928,           0.0024016,            0.001783,            0.001783,            0.001783
                 168,            0.014375,             0.01332,          0.00050671,             0.91124,             0.80747,             0.88956,             0.59936,            0.022334,            0.019836,           0.0024021,           0.0017335,           0.0017335,           0.0017335
                 169,            0.014048,            0.012998,          0.00048697,             0.91036,             0.79763,             0.88888,             0.60184,            0.022131,            0.020087,           0.0022242,            0.001684,            0.001684,            0.001684
                 170,             0.01376,            0.012485,          0.00043407,             0.90754,             0.80495,             0.88497,             0.60153,            0.022266,            0.020374,           0.0023023,           0.0016345,           0.0016345,           0.0016345
                 171,             0.01391,            0.012893,          0.00045066,             0.90597,             0.80903,             0.88279,             0.59744,            0.022219,            0.020203,           0.0023388,            0.001585,            0.001585,            0.001585
                 172,            0.013816,            0.012707,          0.00044346,             0.90358,             0.80776,             0.88254,              0.6044,            0.022162,            0.020267,            0.002518,           0.0015355,           0.0015355,           0.0015355
                 173,            0.013722,            0.013184,          0.00041298,             0.94512,             0.77896,              0.8788,             0.60455,            0.022143,            0.020146,           0.0024928,            0.001486,            0.001486,            0.001486
                 174,            0.013361,            0.012438,          0.00034337,             0.92523,             0.78339,             0.88057,             0.60237,            0.022211,            0.020214,           0.0025023,           0.0014365,           0.0014365,           0.0014365
                 175,            0.014021,            0.012866,          0.00052152,             0.87781,             0.82841,             0.88159,             0.59837,            0.022283,            0.020267,           0.0023846,            0.001387,            0.001387,            0.001387
                 176,            0.013207,            0.012624,          0.00038826,             0.89981,             0.80994,             0.88134,             0.59823,            0.022274,            0.020515,           0.0023147,           0.0013375,           0.0013375,           0.0013375
                 177,            0.013779,            0.012785,          0.00051423,             0.89901,             0.80698,             0.88998,             0.60705,            0.022119,            0.020169,           0.0024631,            0.001288,            0.001288,            0.001288
                 178,            0.013202,            0.011579,          0.00043401,             0.88615,             0.82094,             0.88313,             0.60064,            0.022261,            0.020136,           0.0024994,           0.0012385,           0.0012385,           0.0012385
                 179,            0.013085,            0.012492,          0.00035003,             0.90806,              0.8062,             0.88543,             0.60157,            0.022288,            0.020339,            0.002388,            0.001189,            0.001189,            0.001189
                 180,             0.01344,            0.012812,          0.00039859,             0.90052,             0.81182,             0.88547,             0.60378,            0.022067,            0.020424,           0.0024281,           0.0011395,           0.0011395,           0.0011395
                 181,            0.013851,            0.013359,          0.00045644,             0.89067,             0.81298,             0.88771,              0.6069,            0.022008,            0.020432,           0.0025077,             0.00109,             0.00109,             0.00109
                 182,            0.013046,            0.011955,          0.00042796,             0.88493,             0.81497,             0.88911,             0.60266,            0.022116,            0.020115,           0.0024399,           0.0010405,           0.0010405,           0.0010405
                 183,            0.013236,            0.011911,          0.00044363,             0.89158,             0.81497,             0.88476,              0.6048,            0.022189,            0.020295,           0.0024897,            0.000991,            0.000991,            0.000991
                 184,             0.01343,            0.012003,          0.00044332,             0.90324,             0.80542,             0.88748,             0.60695,            0.022073,             0.02059,           0.0023699,           0.0009415,           0.0009415,           0.0009415
                 185,            0.012582,             0.01159,            0.000351,             0.89769,             0.81325,             0.88807,             0.60211,            0.022127,            0.020664,           0.0022923,            0.000892,            0.000892,            0.000892
                 186,            0.013166,            0.012241,          0.00040928,             0.89371,             0.81239,             0.89044,             0.60628,            0.022022,            0.020402,           0.0022941,           0.0008425,           0.0008425,           0.0008425
                 187,            0.013434,            0.013055,          0.00037083,             0.91468,             0.79685,             0.88501,             0.60246,            0.022051,            0.020564,           0.0023895,            0.000793,            0.000793,            0.000793
                 188,            0.012753,            0.011555,          0.00043554,             0.91852,             0.79139,             0.88763,             0.60621,            0.021995,            0.020461,           0.0023199,           0.0007435,           0.0007435,           0.0007435
                 189,             0.01303,            0.012002,          0.00040548,             0.89917,             0.80551,             0.88387,             0.60572,            0.022084,            0.020531,           0.0024646,            0.000694,            0.000694,            0.000694
                 190,            0.013333,            0.012591,          0.00041758,             0.89605,             0.81386,             0.88201,             0.60315,            0.022071,            0.020535,           0.0024851,           0.0006445,           0.0006445,           0.0006445
                 191,            0.013313,            0.012613,          0.00043708,             0.88069,             0.82164,             0.88004,             0.60507,            0.022046,             0.02051,           0.0024179,            0.000595,            0.000595,            0.000595
                 192,            0.012802,            0.012237,            0.000364,             0.91176,             0.79918,              0.8812,             0.60408,             0.02205,            0.020569,           0.0024072,           0.0005455,           0.0005455,           0.0005455
                 193,            0.012785,            0.012537,          0.00031423,             0.89702,             0.80464,             0.88566,             0.60367,            0.022099,            0.020607,           0.0023941,            0.000496,            0.000496,            0.000496
                 194,            0.012915,            0.012066,          0.00041098,             0.88888,             0.81419,             0.88523,             0.60338,            0.022215,            0.020766,            0.002382,           0.0004465,           0.0004465,           0.0004465
                 195,            0.012702,            0.012125,          0.00032939,             0.88919,             0.81335,              0.8847,             0.60229,             0.02219,            0.020751,           0.0023884,            0.000397,            0.000397,            0.000397
                 196,            0.012681,            0.011543,          0.00035726,             0.88499,             0.81721,             0.88621,             0.60693,            0.022119,            0.020734,           0.0023654,           0.0003475,           0.0003475,           0.0003475
                 197,             0.01235,            0.011637,          0.00046046,             0.88862,             0.81497,             0.88729,             0.60767,            0.022136,            0.020801,           0.0024218,            0.000298,            0.000298,            0.000298
                 198,            0.012587,            0.011854,          0.00032674,             0.88796,             0.81497,              0.8866,             0.60649,            0.022106,            0.020744,           0.0024326,           0.0002485,           0.0002485,           0.0002485
                 199,            0.012847,            0.012297,          0.00035664,              0.8884,             0.81419,             0.88597,             0.60549,            0.022127,             0.02084,           0.0024496,            0.000199,            0.000199,            0.000199
